epoch,train_weighted_rmse,validation_rmse,validation_mae
1,0.7471043334265933,0.6354123950004578,0.4302906394004822
2,0.738759062865107,0.633837103843689,0.41769230365753174
3,0.7364831704712769,0.632544994354248,0.4263884425163269
4,0.7348224777903726,0.6330602765083313,0.3975828289985657
5,0.7333786324715177,0.6382791996002197,0.4389871060848236
6,0.7321297284454475,0.6317890286445618,0.4108469486236572
7,0.7306776963908354,0.630821943283081,0.41328805685043335
8,0.7293272728380371,0.6309319138526917,0.4073895514011383
9,0.7281543501354636,0.6332152485847473,0.41202589869499207
10,0.7268700913045781,0.6357082724571228,0.43342694640159607
11,0.7256934062312713,0.6397264003753662,0.4426877498626709
